Data,Hora,Nome,Ação,Timestamp
21/08/2026,07:56:20,Colaborador Exemplo,Entrada,2026-08-21 07:56:20
21/08/2026,12:05:25,Colaborador Exemplo,Saída para almoço,2026-08-21 12:05:25
21/08/2026,13:00:03,Colaborador Exemplo,Retorno do almoço,2026-08-21 13:00:03
21/08/2026,17:34:52,Colaborador Exemplo,Saída,2026-08-21 17:34:52
24/08/2026,07:57:06,Colaborador Exemplo,Entrada,2026-08-24 07:57:06
24/08/2026,12:00:37,Colaborador Exemplo,Saída para almoço,2026-08-24 12:00:37
24/08/2026,13:04:58,Colaborador Exemplo,Retorno do almoço,2026-08-24 13:04:58
24/08/2026,17:30:13,Colaborador Exemplo,Saída,2026-08-24 17:30:13
25/08/2026,07:58:05,Colaborador Exemplo,Entrada,2026-08-25 07:58:05
25/08/2026,12:00:26,Colaborador Exemplo,Saída para almoço,2026-08-25 12:00:26
25/08/2026,13:00:15,Colaborador Exemplo,Retorno do almoço,2026-08-25 13:00:15
25/08/2026,17:33:35,Colaborador Exemplo,Saída,2026-08-25 17:33:35
26/08/2026,07:01:03,Colaborador Exemplo,Entrada,2026-08-26 07:01:03
26/08/2026,12:00:36,Colaborador Exemplo,Saída para almoço,2026-08-26 12:00:36
26/08/2026,13:05:14,Colaborador Exemplo,Retorno do almoço,2026-08-26 13:05:14
26/08/2026,17:34:40,Colaborador Exemplo,Saída,2026-08-26 17:34:40
27/08/2026,07:59:03,Colaborador Exemplo,Entrada,2026-08-27 07:59:03
27/08/2026,12:03:37,Colaborador Exemplo,Saída para almoço,2026-08-27 12:03:37
27/08/2026,13:01:03,Colaborador Exemplo,Retorno do almoço,2026-08-27 13:01:03
27/08/2026,17:34:02,Colaborador Exemplo,Saída,2026-08-27 17:34:02
28/08/2026,07:56:54,Colaborador Exemplo,Entrada,2026-08-28 07:56:54
28/08/2026,12:03:18,Colaborador Exemplo,Saída para almoço,2026-08-28 12:03:18
28/08/2026,13:04:09,Colaborador Exemplo,Retorno do almoço,2026-08-28 13:04:09
28/08/2026,17:34:07,Colaborador Exemplo,Saída,2026-08-28 17:34:07
31/08/2026,07:59:19,Colaborador Exemplo,Entrada,2026-08-31 07:59:19
31/08/2026,12:05:52,Colaborador Exemplo,Saída para almoço,2026-08-31 12:05:52
31/08/2026,13:00:11,Colaborador Exemplo,Retorno do almoço,2026-08-31 13:00:11
31/08/2026,17:34:37,Colaborador Exemplo,Saída,2026-08-31 17:34:37
01/09/2026,07:56:40,Colaborador Exemplo,Entrada,2026-09-01 07:56:40
01/09/2026,12:00:23,Colaborador Exemplo,Saída para almoço,2026-09-01 12:00:23
01/09/2026,13:05:35,Colaborador Exemplo,Retorno do almoço,2026-09-01 13:05:35
01/09/2026,17:34:04,Colaborador Exemplo,Saída,2026-09-01 17:34:04
02/09/2026,07:59:03,Colaborador Exemplo,Entrada,2026-09-02 07:59:03
02/09/2026,12:03:13,Colaborador Exemplo,Saída para almoço,2026-09-02 12:03:13
02/09/2026,13:04:43,Colaborador Exemplo,Retorno do almoço,2026-09-02 13:04:43
02/09/2026,17:36:27,Colaborador Exemplo,Saída,2026-09-02 17:36:27
03/09/2026,07:58:20,Colaborador Exemplo,Entrada,2026-09-03 07:58:20
03/09/2026,12:03:37,Colaborador Exemplo,Saída para almoço,2026-09-03 12:03:37
03/09/2026,13:02:23,Colaborador Exemplo,Retorno do almoço,2026-09-03 13:02:23
03/09/2026,17:36:15,Colaborador Exemplo,Saída,2026-09-03 17:36:15
04/09/2026,07:00:11,Colaborador Exemplo,Entrada,2026-09-04 07:00:11
04/09/2026,12:01:49,Colaborador Exemplo,Saída para almoço,2026-09-04 12:01:49
04/09/2026,13:04:05,Colaborador Exemplo,Retorno do almoço,2026-09-04 13:04:05
04/09/2026,17:34:19,Colaborador Exemplo,Saída,2026-09-04 17:34:19
